RecordLocator,Name,Description,BookingDate,Reason
"MRGESV","Passenger Record 2","Record from 9/30/2025, 7:18:09.372 PM","2025-09-26T00:00:00.0000000Z","Purchase Not Found (404): No business purchase was found."
"QNBGXY","Passenger Record 3","Record from 9/30/2025, 7:18:09.906 PM","2025-09-24T00:00:00.0000000Z","Purchase Not Found (404): No business purchase was found."
"KXRQSE","Passenger Record 4","Record from 9/30/2025, 7:19:05.309 PM","2025-09-29T00:00:00.0000000Z","Purchase Not Found (404): No business purchase was found."
"YQDPUN","Passenger Record 9","Record from 9/30/2025, 7:18:12.251 PM","2025-09-29T00:00:00.0000000Z","Purchase Not Found (404): No business purchase was found."
"QUPMAW","Passenger Record 12","Record from 9/30/2025, 5:12:13.113 PM","2025-09-29T00:00:00.0000000Z","Purchase Not Found (404): No business purchase was found."
"QUPMAW","Passenger Record 13","Record from 9/30/2025, 5:12:12.982 PM","2025-09-29T00:00:00.0000000Z","Purchase Not Found (404): No business purchase was found."
"QMRXXQ","Passenger Record 17","Record from 9/30/2025, 10:25:08.310 PM","2025-09-17T00:00:00.0000000Z","Purchase Not Found (404): No business purchase was found."
"CYAPWW","Passenger Record 23","Record from 9/30/2025, 5:17:06.479 PM","2025-09-23T00:00:00.0000000Z","Purchase Not Found (404): No business purchase was found."
"QTWWGG","Passenger Record 29","Record from 9/30/2025, 11:19:08.926 PM","2025-09-25T00:00:00.0000000Z","Purchase Not Found (404): No business purchase was found."
"GCUNLJ","Passenger Record 31","Record from 9/30/2025, 10:45:08.045 PM","2025-09-25T00:00:00.0000000Z","Purchase Not Found (404): No business purchase was found."
"FINWWO","Passenger Record 32","Record from 9/30/2025, 5:30:09.859 PM","2025-09-26T00:00:00.0000000Z","Purchase Not Found (404): No business purchase was found."
"EGMSQE","Passenger Record 34","Record from 9/30/2025, 5:30:11.673 PM","2025-09-26T00:00:00.0000000Z","Purchase Not Found (404): No business purchase was found."
"EARZWR","Passenger Record 36","Record from 9/30/2025, 10:48:07.430 PM","2025-09-26T00:00:00.0000000Z","Purchase Not Found (404): No business purchase was found."
"NXEHBI","Passenger Record 38","Record from 9/30/2025, 5:40:09.342 PM","2025-09-26T00:00:00.0000000Z","Purchase Not Found (404): No business purchase was found."
"NRCANF","Passenger Record 50","Record from 9/26/2025, 8:07:03.481 AM","2025-09-24T00:00:00.0000000Z","Purchase Not Found (404): No business purchase was found."
"YRZIBU","Passenger Record 54","Record from 9/29/2025, 6:18:04.463 AM","2025-09-18T00:00:00.0000000Z","Purchase Not Found (404): No business purchase was found."
"WWLNMB","Passenger Record 55","Record from 9/26/2025, 5:21:03.958 AM","2025-09-22T00:00:00.0000000Z","Purchase Not Found (404): No business purchase was found."
"UFYBPL","Passenger Record 56","Record from 9/26/2025, 4:33:05.909 AM","2025-09-18T00:00:00.0000000Z","Purchase Not Found (404): No business purchase was found."
"UERROS","Passenger Record 57","Record from 9/26/2025, 5:07:04.946 AM","2025-09-18T00:00:00.0000000Z","Purchase Not Found (404): No business purchase was found."
"QHMRFP","Passenger Record 58","Record from 9/30/2025, 4:27:06.518 AM","2025-09-23T00:00:00.0000000Z","Purchase Not Found (404): No business purchase was found."
"OSPWXZ","Passenger Record 61","Record from 9/28/2025, 2:30:01.957 PM","2025-09-24T00:00:00.0000000Z","Purchase Not Found (404): No business purchase was found."
"WKAGRT","Passenger Record 62","Record from 9/28/2025, 2:38:09.659 PM","2025-09-26T00:00:00.0000000Z","Purchase Not Found (404): No business purchase was found."
"FHWRRI","Passenger Record 63","Record from 9/28/2025, 8:42:03.607 AM","2025-09-26T00:00:00.0000000Z","Purchase Not Found (404): No business purchase was found."
"FHWRRI","Passenger Record 64","Record from 9/28/2025, 8:42:03.758 AM","2025-09-26T00:00:00.0000000Z","Purchase Not Found (404): No business purchase was found."
"FVWCJK","Passenger Record 66","Record from 9/22/2025, 8:22:46.164 PM","2025-09-16T00:00:00.0000000Z","Purchase Not Found (404): No business purchase was found."
"WJCGMT","Passenger Record 83","Record from 9/30/2025, 6:43:05.868 AM","2025-09-26T00:00:00.0000000Z","Purchase Not Found (404): No business purchase was found."
"WYBBWM","Passenger Record 85","Record from 9/29/2025, 8:21:05.260 AM","2025-09-28T00:00:00.0000000Z","Purchase Not Found (404): No business purchase was found."
"WJCGMT","Passenger Record 86","Record from 9/29/2025, 6:43:04.865 AM","2025-09-26T00:00:00.0000000Z","Purchase Not Found (404): No business purchase was found."
"FHWRRI","Passenger Record 87","Record from 9/29/2025, 6:44:07.790 AM","2025-09-26T00:00:00.0000000Z","Purchase Not Found (404): No business purchase was found."
"IYEGXN","Passenger Record 88","Record from 9/30/2025, 6:40:05.464 AM","2025-09-26T00:00:00.0000000Z","Purchase Not Found (404): No business purchase was found."
"FHWRRI","Passenger Record 90","Record from 9/29/2025, 6:44:07.852 AM","2025-09-26T00:00:00.0000000Z","Purchase Not Found (404): No business purchase was found."
"JWVSFU","Passenger Record 91","Record from 9/29/2025, 4:32:04.330 AM","2025-09-28T00:00:00.0000000Z","Purchase Not Found (404): No business purchase was found."
"FDHEGQ","Passenger Record 93","Record from 9/29/2025, 5:01:04.628 AM","2025-09-26T00:00:00.0000000Z","Purchase Not Found (404): No business purchase was found."
"LSXKSP","Passenger Record 94","Record from 9/29/2025, 5:42:04.402 AM","2025-09-26T00:00:00.0000000Z","Purchase Not Found (404): No business purchase was found."
"UUNLLM","Passenger Record 95","Record from 9/29/2025, 5:01:06.287 AM","2025-09-26T00:00:00.0000000Z","Purchase Not Found (404): No business purchase was found."
"SLCLIP","Passenger Record 96","Record from 9/29/2025, 4:49:12.741 AM","2025-09-27T00:00:00.0000000Z","Purchase Not Found (404): No business purchase was found."
"SLCLIP","Passenger Record 97","Record from 9/29/2025, 4:49:15.354 AM","2025-09-27T00:00:00.0000000Z","Purchase Not Found (404): No business purchase was found."
"HIGYRH","Passenger Record 98","Record from 9/29/2025, 5:10:10.137 AM","2025-09-24T00:00:00.0000000Z","Purchase Not Found (404): No business purchase was found."
"DCACES","Passenger Record 100","Record from 9/30/2025, 2:59:10.017 AM","2025-09-22T00:00:00.0000000Z","Purchase Not Found (404): No business purchase was found."
"UFYBPL","Passenger Record 101","Record from 9/25/2025, 4:54:08.022 PM","2025-09-18T00:00:00.0000000Z","Purchase Not Found (404): No business purchase was found."
"UERROS","Passenger Record 102","Record from 9/25/2025, 4:34:17.357 PM","2025-09-18T00:00:00.0000000Z","Purchase Not Found (404): No business purchase was found."
"MAKSPM","Passenger Record 103","Record from 10/1/2025, 5:27:10.480 PM","2025-09-30T00:00:00.0000000Z","Purchase Not Found (404): No business purchase was found."
"NBAVHR","Passenger Record 104","Record from 10/1/2025, 5:01:11.379 PM","2025-09-29T00:00:00.0000000Z","Purchase Not Found (404): No business purchase was found."
"DUBERH","Passenger Record 105","Record from 10/1/2025, 5:03:06.757 PM","2025-09-29T00:00:00.0000000Z","Purchase Not Found (404): No business purchase was found."
"ARCJZB","Passenger Record 106","Record from 10/1/2025, 5:09:05.628 PM","2025-09-28T00:00:00.0000000Z","Purchase Not Found (404): No business purchase was found."
"NMGDOW","Passenger Record 107","Record from 10/1/2025, 5:09:05.236 PM","2025-09-30T00:00:00.0000000Z","Purchase Not Found (404): No business purchase was found."
"ARCJZB","Passenger Record 108","Record from 10/1/2025, 5:09:05.822 PM","2025-09-28T00:00:00.0000000Z","Purchase Not Found (404): No business purchase was found."
"JNIWFQ","Passenger Record 109","Record from 10/1/2025, 5:16:11.067 PM","2025-09-23T00:00:00.0000000Z","Purchase Not Found (404): No business purchase was found."
"LXCEKB","Passenger Record 110","Record from 10/1/2025, 5:16:13.359 PM","2025-09-30T00:00:00.0000000Z","Purchase Not Found (404): No business purchase was found."
"OLQMGT","Passenger Record 111","Record from 10/1/2025, 5:16:11.606 PM","2025-09-29T00:00:00.0000000Z","Purchase Not Found (404): No business purchase was found."
"DEUTUO","Passenger Record 112","Record from 10/1/2025, 5:16:13.674 PM","2025-09-16T00:00:00.0000000Z","Purchase Not Found (404): No business purchase was found."
"NKGICX","Passenger Record 113","Record from 10/1/2025, 5:16:05.169 PM","2025-09-27T00:00:00.0000000Z","Purchase Not Found (404): No business purchase was found."
"JNIWFQ","Passenger Record 114","Record from 10/1/2025, 5:16:10.951 PM","2025-09-23T00:00:00.0000000Z","Purchase Not Found (404): No business purchase was found."
"UIFDHN","Passenger Record 115","Record from 10/1/2025, 5:16:13.872 PM","2025-09-30T00:00:00.0000000Z","Purchase Not Found (404): No business purchase was found."
"FNZLTZ","Passenger Record 116","Record from 10/1/2025, 5:10:13.879 PM","2025-09-26T00:00:00.0000000Z","Purchase Not Found (404): No business purchase was found."
"SBGZFT","Passenger Record 117","Record from 10/1/2025, 5:43:07.578 PM","2025-09-18T00:00:00.0000000Z","Purchase Not Found (404): No business purchase was found."
"GWOQIS","Passenger Record 118","Record from 10/1/2025, 5:27:05.297 PM","2025-09-24T00:00:00.0000000Z","Purchase Not Found (404): No business purchase was found."
"QUHEUF","Passenger Record 125","Record from 9/24/2025, 11:49:08.786 PM","2025-09-24T00:00:00.0000000Z","Purchase Not Found (404): No business purchase was found."
"GCPIQG","Passenger Record 126","Record from 9/25/2025, 1:48:08.192 AM","2025-09-24T00:00:00.0000000Z","Purchase Not Found (404): No business purchase was found."
"QUZYPD","Passenger Record 127","Record from 9/24/2025, 11:49:05.522 PM","2025-09-24T00:00:00.0000000Z","Purchase Not Found (404): No business purchase was found."
"DFMYPJ","Passenger Record 130","Record from 9/21/2025, 11:52:14.893 PM","2025-09-16T00:00:00.0000000Z","Purchase Not Found (404): No business purchase was found."
"MRUIGL","Passenger Record 134","Record from 9/24/2025, 6:25:06.499 PM","2025-09-23T00:00:00.0000000Z","Purchase Not Found (404): No business purchase was found."
"NZZAYI","Passenger Record 140","Record from 9/29/2025, 9:03:05.414 PM","2025-09-26T00:00:00.0000000Z","Purchase Not Found (404): No business purchase was found."
"IDMLFC","Passenger Record 141","Record from 9/26/2025, 12:21:46.456 AM","2025-09-23T00:00:00.0000000Z","Purchase Not Found (404): No business purchase was found."
"LVIYAX","Passenger Record 142","Record from 9/30/2025, 12:37:06.176 AM","2025-09-26T00:00:00.0000000Z","Purchase Not Found (404): No business purchase was found."
"AXQYBG","Passenger Record 149","Record from 10/1/2025, 3:58:09.460 AM","2025-09-29T00:00:00.0000000Z","Purchase Not Found (404): No business purchase was found."
"YPBRJW","Passenger Record 150","Record from 10/1/2025, 4:17:03.812 AM","2025-09-29T00:00:00.0000000Z","Purchase Not Found (404): No business purchase was found."
"OCOUFR","Passenger Record 152","Record from 10/1/2025, 4:12:09.881 AM","2025-09-29T00:00:00.0000000Z","Purchase Not Found (404): No business purchase was found."
"OCOUFR","Passenger Record 153","Record from 10/1/2025, 4:12:13.059 AM","2025-09-29T00:00:00.0000000Z","Purchase Not Found (404): No business purchase was found."
"KWGSIL","Passenger Record 154","Record from 10/1/2025, 3:21:07.294 AM","2025-09-29T00:00:00.0000000Z","Purchase Not Found (404): No business purchase was found."
"APGYLI","Passenger Record 155","Record from 10/1/2025, 3:21:09.838 AM","2025-09-28T00:00:00.0000000Z","Purchase Not Found (404): No business purchase was found."
"SWOQHV","Passenger Record 156","Record from 10/1/2025, 3:21:08.635 AM","2025-09-25T00:00:00.0000000Z","Purchase Not Found (404): No business purchase was found."
"ADWRQT","Passenger Record 158","Record from 10/1/2025, 3:25:22.918 AM","2025-09-30T00:00:00.0000000Z","Purchase Not Found (404): No business purchase was found."
"OXRSKO","Passenger Record 160","Record from 10/1/2025, 3:25:23.467 AM","2025-09-28T00:00:00.0000000Z","Purchase Not Found (404): No business purchase was found."
"DUBERH","Passenger Record 161","Record from 10/1/2025, 3:16:05.816 AM","2025-09-29T00:00:00.0000000Z","Purchase Not Found (404): No business purchase was found."
"YYTGVJ","Passenger Record 163","Record from 9/23/2025, 10:06:15.777 PM","2025-09-22T00:00:00.0000000Z","Purchase Not Found (404): No business purchase was found."
"YYTGVJ","Passenger Record 164","Record from 9/23/2025, 10:06:15.352 PM","2025-09-22T00:00:00.0000000Z","Purchase Not Found (404): No business purchase was found."
"JTNBSQ","Passenger Record 165","Record from 9/27/2025, 10:58:06.766 PM","2025-09-25T00:00:00.0000000Z","Purchase Not Found (404): No business purchase was found."
"JZHIVP","Passenger Record 168","Record from 9/29/2025, 6:14:06.506 PM","2025-09-28T00:00:00.0000000Z","Purchase Not Found (404): No business purchase was found."
"NGSOLL","Passenger Record 169","Record from 9/29/2025, 5:01:07.152 PM","2025-09-25T00:00:00.0000000Z","Purchase Not Found (404): No business purchase was found."
"INCBDC","Passenger Record 170","Record from 9/29/2025, 5:10:17.796 PM","2025-09-25T00:00:00.0000000Z","Purchase Not Found (404): No business purchase was found."
"OVMMOZ","Passenger Record 171","Record from 9/29/2025, 5:10:23.701 PM","2025-09-27T00:00:00.0000000Z","Purchase Not Found (404): No business purchase was found."
"FYJEXP","Passenger Record 172","Record from 9/29/2025, 5:10:20.937 PM","2025-09-23T00:00:00.0000000Z","Purchase Not Found (404): No business purchase was found."
"NODBHH","Passenger Record 173","Record from 9/29/2025, 5:04:07.136 PM","2025-09-25T00:00:00.0000000Z","Purchase Not Found (404): No business purchase was found."
"QFUOSJ","Passenger Record 174","Record from 9/29/2025, 5:17:05.901 PM","2025-09-23T00:00:00.0000000Z","Purchase Not Found (404): No business purchase was found."
"HEKQVR","Passenger Record 175","Record from 9/29/2025, 5:17:08.225 PM","2025-09-24T00:00:00.0000000Z","Purchase Not Found (404): No business purchase was found."
"ORKDEV","Passenger Record 177","Record from 9/29/2025, 7:18:06.634 PM","2025-09-24T00:00:00.0000000Z","Purchase Not Found (404): No business purchase was found."
"FRIHHS","Passenger Record 178","Record from 9/29/2025, 6:24:03.772 PM","2025-09-26T00:00:00.0000000Z","Purchase Not Found (404): No business purchase was found."
"SYFMLB","Passenger Record 190","Record from 9/22/2025, 5:10:09.520 PM","2025-09-19T00:00:00.0000000Z","Purchase Not Found (404): No business purchase was found."
"NORGCM","Passenger Record 191","Record from 9/22/2025, 4:35:05.785 PM","2025-09-17T00:00:00.0000000Z","Purchase Not Found (404): No business purchase was found."
"QJHMJT","Passenger Record 192","Record from 9/22/2025, 5:28:04.407 PM","2025-09-17T00:00:00.0000000Z","Purchase Not Found (404): No business purchase was found."
"MYTBDQ","Passenger Record 194","Record from 9/24/2025, 6:06:09.583 AM","2025-09-19T00:00:00.0000000Z","Purchase Not Found (404): No business purchase was found."
"OXKZYW","Passenger Record 195","Record from 9/24/2025, 6:35:05.211 AM","2025-09-18T00:00:00.0000000Z","Purchase Not Found (404): No business purchase was found."
"KGCOSM","Passenger Record 196","Record from 9/24/2025, 3:40:06.489 AM","2025-09-22T00:00:00.0000000Z","Purchase Not Found (404): No business purchase was found."
"KGCOSM","Passenger Record 197","Record from 9/24/2025, 3:40:06.514 AM","2025-09-22T00:00:00.0000000Z","Purchase Not Found (404): No business purchase was found."
"FHVEYT","Passenger Record 201","Record from 9/30/2025, 9:29:04.845 PM","2025-09-26T00:00:00.0000000Z","Purchase Not Found (404): No business purchase was found."
"FHVEYT","Passenger Record 202","Record from 9/30/2025, 9:29:06.747 PM","2025-09-26T00:00:00.0000000Z","Purchase Not Found (404): No business purchase was found."
"FFQWTE","Passenger Record 203","Record from 9/30/2025, 9:10:12.651 PM","2025-09-26T00:00:00.0000000Z","Purchase Not Found (404): No business purchase was found."
"SXTVPQ","Passenger Record 204","Record from 9/30/2025, 9:33:07.892 PM","2025-09-25T00:00:00.0000000Z","Purchase Not Found (404): No business purchase was found."
"UDFNPV","Passenger Record 205","Record from 9/30/2025, 9:29:08.420 PM","2025-09-29T00:00:00.0000000Z","Purchase Not Found (404): No business purchase was found."
"DOKTIK","Passenger Record 206","Record from 9/30/2025, 6:15:16.850 PM","2025-09-25T00:00:00.0000000Z","Purchase Not Found (404): No business purchase was found."
"MKKQEG","Passenger Record 207","Record from 9/30/2025, 4:35:06.056 PM","2025-09-29T00:00:00.0000000Z","Purchase Not Found (404): No business purchase was found."
"MKKQEG","Passenger Record 208","Record from 9/30/2025, 4:35:06.099 PM","2025-09-29T00:00:00.0000000Z","Purchase Not Found (404): No business purchase was found."
"NAJNNX","Passenger Record 211","Record from 9/30/2025, 4:50:12.444 PM","2025-09-29T00:00:00.0000000Z","Purchase Not Found (404): No business purchase was found."
"NAJNNX","Passenger Record 212","Record from 9/30/2025, 4:50:16.311 PM","2025-09-29T00:00:00.0000000Z","Purchase Not Found (404): No business purchase was found."
"NAJNNX","Passenger Record 213","Record from 9/30/2025, 4:50:15.285 PM","2025-09-29T00:00:00.0000000Z","Purchase Not Found (404): No business purchase was found."
"NPXHWX","Passenger Record 214","Record from 9/30/2025, 5:02:05.989 PM","2025-09-24T00:00:00.0000000Z","Purchase Not Found (404): No business purchase was found."
"IXQYEP","Passenger Record 215","Record from 9/30/2025, 5:02:07.921 PM","2025-09-26T00:00:00.0000000Z","Purchase Not Found (404): No business purchase was found."
"YOJWZM","Passenger Record 221","Record from 9/30/2025, 4:21:06.473 PM","2025-09-29T00:00:00.0000000Z","Purchase Not Found (404): No business purchase was found."
"IVFARU","Passenger Record 222","Record from 9/30/2025, 4:21:02.867 PM","2025-09-29T00:00:00.0000000Z","Purchase Not Found (404): No business purchase was found."
"OCOUFR","Passenger Record 223","Record from 9/30/2025, 4:21:03.245 PM","2025-09-29T00:00:00.0000000Z","Purchase Not Found (404): No business purchase was found."
"LCKRVF","Passenger Record 224","Record from 9/30/2025, 4:25:10.681 PM","2025-09-29T00:00:00.0000000Z","Purchase Not Found (404): No business purchase was found."
"LUWBPD","Passenger Record 226","Record from 9/30/2025, 4:30:19.374 PM","2025-09-26T00:00:00.0000000Z","Purchase Not Found (404): No business purchase was found."
"FAHGWY","Passenger Record 227","Record from 9/30/2025, 4:30:23.094 PM","2025-09-26T00:00:00.0000000Z","Purchase Not Found (404): No business purchase was found."
"LUWBPD","Passenger Record 228","Record from 9/30/2025, 4:30:19.076 PM","2025-09-26T00:00:00.0000000Z","Purchase Not Found (404): No business purchase was found."
"LUWBPD","Passenger Record 229","Record from 9/30/2025, 4:30:19.287 PM","2025-09-26T00:00:00.0000000Z","Purchase Not Found (404): No business purchase was found."
"WFILPZ","Passenger Record 230","Record from 9/30/2025, 4:32:11.579 PM","2025-09-23T00:00:00.0000000Z","Purchase Not Found (404): No business purchase was found."
"FEHQCT","Passenger Record 231","Record from 9/20/2025, 11:54:33.275 PM","2025-09-17T00:00:00.0000000Z","Purchase Not Found (404): No business purchase was found."
"QSCICH","Passenger Record 235","Record from 9/26/2025, 11:30:18.533 PM","2025-09-25T00:00:00.0000000Z","Purchase Not Found (404): No business purchase was found."
"YRZIBU","Passenger Record 237","Record from 9/25/2025, 6:16:02.991 PM","2025-09-18T00:00:00.0000000Z","Purchase Not Found (404): No business purchase was found."
"JQTSFZ","Passenger Record 238","Record from 9/25/2025, 6:16:04.538 PM","2025-09-23T00:00:00.0000000Z","Purchase Not Found (404): No business purchase was found."
"GOZYVM","Passenger Record 240","Record from 9/26/2025, 6:48:04.464 PM","2025-09-22T00:00:00.0000000Z","Purchase Not Found (404): No business purchase was found."
"QQZGZI","Passenger Record 241","Record from 9/26/2025, 6:20:11.735 PM","2025-09-24T00:00:00.0000000Z","Purchase Not Found (404): No business purchase was found."
"QSCICH","Passenger Record 242","Record from 9/26/2025, 5:18:09.446 PM","2025-09-25T00:00:00.0000000Z","Purchase Not Found (404): No business purchase was found."
"DWJBTD","Passenger Record 243","Record from 9/28/2025, 3:33:05.497 AM","2025-09-22T00:00:00.0000000Z","Purchase Not Found (404): No business purchase was found."
"HQMKJT","Passenger Record 244","Record from 9/20/2025, 6:15:17.748 PM","2025-09-19T00:00:00.0000000Z","Purchase Not Found (404): No business purchase was found."
"NJPDSF","Passenger Record 246","Record from 10/1/2025, 2:13:06.073 AM","2025-09-29T00:00:00.0000000Z","Purchase Not Found (404): No business purchase was found."
"MQNUKA","Passenger Record 247","Record from 10/1/2025, 2:14:22.252 AM","2025-09-26T00:00:00.0000000Z","Purchase Not Found (404): No business purchase was found."
"QNBGXY","Passenger Record 249","Record from 10/1/2025, 12:56:09.572 AM","2025-09-24T00:00:00.0000000Z","Purchase Not Found (404): No business purchase was found."
"QOWZNF","Passenger Record 250","Record from 10/1/2025, 12:56:08.577 AM","2025-09-24T00:00:00.0000000Z","Purchase Not Found (404): No business purchase was found."
"QUYKTA","Passenger Record 254","Record from 9/30/2025, 11:37:06.104 PM","2025-09-25T00:00:00.0000000Z","Purchase Not Found (404): No business purchase was found."
"WMXONL","Passenger Record 255","Record from 9/30/2025, 11:42:10.342 PM","2025-09-26T00:00:00.0000000Z","Purchase Not Found (404): No business purchase was found."
"MRUIGL","Passenger Record 261","Record from 9/25/2025, 6:08:04.458 AM","2025-09-23T00:00:00.0000000Z","Purchase Not Found (404): No business purchase was found."
"GFXIVT","Passenger Record 262","Record from 9/25/2025, 6:43:04.431 AM","2025-09-24T00:00:00.0000000Z","Purchase Not Found (404): No business purchase was found."
"AQRVCE","Passenger Record 263","Record from 9/25/2025, 3:18:10.128 AM","2025-09-24T00:00:00.0000000Z","Purchase Not Found (404): No business purchase was found."
"WZTZLM","Passenger Record 264","Record from 9/25/2025, 4:55:10.308 AM","2025-09-24T00:00:00.0000000Z","Purchase Not Found (404): No business purchase was found."
"AVNYAB","Passenger Record 265","Record from 9/25/2025, 4:59:03.997 AM","2025-09-24T00:00:00.0000000Z","Purchase Not Found (404): No business purchase was found."
"JHIWXF","Passenger Record 266","Record from 9/25/2025, 3:40:13.240 AM","2025-09-22T00:00:00.0000000Z","Purchase Not Found (404): No business purchase was found."
"ITZBHT","Passenger Record 267","Record from 10/1/2025, 6:17:06.718 PM","2025-09-17T00:00:00.0000000Z","Purchase Not Found (404): No business purchase was found."
"USTVCQ","Passenger Record 268","Record from 10/1/2025, 6:26:04.646 PM","2025-09-26T00:00:00.0000000Z","Purchase Not Found (404): No business purchase was found."
"JTZYAA","Passenger Record 271","Record from 10/1/2025, 6:30:03.273 PM","2025-09-22T00:00:00.0000000Z","Purchase Not Found (404): No business purchase was found."
"OCTCRL","Passenger Record 272","Record from 10/1/2025, 6:30:04.971 PM","2025-09-29T00:00:00.0000000Z","Purchase Not Found (404): No business purchase was found."
"KHOBYI","Passenger Record 273","Record from 10/1/2025, 6:30:03.590 PM","2025-09-22T00:00:00.0000000Z","Purchase Not Found (404): No business purchase was found."
"DBGGUN","Passenger Record 274","Record from 10/1/2025, 6:30:03.266 PM","2025-09-22T00:00:00.0000000Z","Purchase Not Found (404): No business purchase was found."
"HJIGQA","Passenger Record 277","Record from 9/29/2025, 4:32:12.953 PM","2025-09-26T00:00:00.0000000Z","Purchase Not Found (404): No business purchase was found."
"DFMYPJ","Passenger Record 285","Record from 9/19/2025, 12:54:10.579 AM","2025-09-16T00:00:00.0000000Z","Purchase Not Found (404): No business purchase was found."
"LVIYAX","Passenger Record 286","Record from 9/30/2025, 2:06:05.702 AM","2025-09-26T00:00:00.0000000Z","Purchase Not Found (404): No business purchase was found."
"FLAWLF","Passenger Record 287","Record from 9/30/2025, 1:47:02.991 AM","2025-09-24T00:00:00.0000000Z","Purchase Not Found (404): No business purchase was found."
"JICZNI","Passenger Record 289","Record from 9/30/2025, 2:07:05.681 AM","2025-09-25T00:00:00.0000000Z","Purchase Not Found (404): No business purchase was found."
"ORKDEV","Passenger Record 293","Record from 9/30/2025, 1:08:04.481 AM","2025-09-24T00:00:00.0000000Z","Purchase Not Found (404): No business purchase was found."
"QANTLT","Passenger Record 294","Record from 9/30/2025, 1:12:07.202 AM","2025-09-22T00:00:00.0000000Z","Purchase Not Found (404): No business purchase was found."
"QANTLT","Passenger Record 296","Record from 9/30/2025, 1:12:07.162 AM","2025-09-22T00:00:00.0000000Z","Purchase Not Found (404): No business purchase was found."
"QFZAFM","Passenger Record 297","Record from 9/30/2025, 3:18:13.422 AM","2025-09-29T00:00:00.0000000Z","Purchase Not Found (404): No business purchase was found."
"NWPRIA","Passenger Record 303","Record from 9/30/2025, 3:52:05.985 AM","2025-09-26T00:00:00.0000000Z","Purchase Not Found (404): No business purchase was found."
"DCACES","Passenger Record 305","Record from 9/25/2025, 8:49:06.796 PM","2025-09-22T00:00:00.0000000Z","Purchase Not Found (404): No business purchase was found."
"NRCANF","Passenger Record 306","Record from 9/25/2025, 8:32:04.867 PM","2025-09-24T00:00:00.0000000Z","Purchase Not Found (404): No business purchase was found."
"QHMRFP","Passenger Record 307","Record from 9/25/2025, 6:55:04.541 PM","2025-09-23T00:00:00.0000000Z","Purchase Not Found (404): No business purchase was found."
"DZFYVX","Passenger Record 308","Record from 9/23/2025, 7:02:07.629 AM","2025-09-22T00:00:00.0000000Z","Purchase Not Found (404): No business purchase was found."
"QMYZMI","Passenger Record 310","Record from 9/24/2025, 1:39:06.220 AM","2025-09-17T00:00:00.0000000Z","Purchase Not Found (404): No business purchase was found."
"DWJBTD","Passenger Record 312","Record from 9/27/2025, 5:17:04.130 PM","2025-09-22T00:00:00.0000000Z","Purchase Not Found (404): No business purchase was found."
"OUCLZW","Passenger Record 313","Record from 9/27/2025, 5:17:05.348 PM","2025-09-24T00:00:00.0000000Z","Purchase Not Found (404): No business purchase was found."
"EGRUPN","Passenger Record 314","Record from 9/29/2025, 2:52:05.792 AM","2025-09-23T00:00:00.0000000Z","Purchase Not Found (404): No business purchase was found."
"YUMVLA","Passenger Record 315","Record from 9/28/2025, 11:40:50.753 PM","2025-09-24T00:00:00.0000000Z","Purchase Not Found (404): No business purchase was found."
"DBJGSL","Passenger Record 319","Record from 9/23/2025, 5:29:02.469 PM","2025-09-22T00:00:00.0000000Z","Purchase Not Found (404): No business purchase was found."
"MYTBDQ","Passenger Record 320","Record from 9/23/2025, 5:07:11.067 PM","2025-09-19T00:00:00.0000000Z","Purchase Not Found (404): No business purchase was found."
"JELOYA","Passenger Record 322","Record from 9/23/2025, 7:47:11.549 PM","2025-09-19T00:00:00.0000000Z","Purchase Not Found (404): No business purchase was found."
"KGCOSM","Passenger Record 323","Record from 9/23/2025, 6:26:25.009 PM","2025-09-22T00:00:00.0000000Z","Purchase Not Found (404): No business purchase was found."
"FFHZNV","Passenger Record 324","Record from 9/27/2025, 6:46:05.396 AM","2025-09-26T00:00:00.0000000Z","Purchase Not Found (404): No business purchase was found."
"FFHZNV","Passenger Record 325","Record from 9/27/2025, 6:46:16.196 AM","2025-09-26T00:00:00.0000000Z","Purchase Not Found (404): No business purchase was found."
"EIMLIY","Passenger Record 326","Record from 9/27/2025, 5:01:10.920 AM","2025-09-26T00:00:00.0000000Z","Purchase Not Found (404): No business purchase was found."
"NLHRTE","Passenger Record 329","Record from 9/29/2025, 11:47:33.612 PM","2025-09-27T00:00:00.0000000Z","Purchase Not Found (404): No business purchase was found."
"LZZFXN","Passenger Record 331","Record from 9/29/2025, 11:38:02.991 PM","2025-09-27T00:00:00.0000000Z","Purchase Not Found (404): No business purchase was found."
"FNYNCL","Passenger Record 332","Record from 9/29/2025, 10:03:05.505 PM","2025-09-26T00:00:00.0000000Z","Purchase Not Found (404): No business purchase was found."
"QIVNWR","Passenger Record 337","Record from 9/25/2025, 3:02:03.221 AM","2025-09-22T00:00:00.0000000Z","Purchase Not Found (404): No business purchase was found."
"DVPAOV","Passenger Record 338","Record from 10/1/2025, 8:40:08.846 AM","2025-09-29T00:00:00.0000000Z","Purchase Not Found (404): No business purchase was found."
"DVPAOV","Passenger Record 339","Record from 10/1/2025, 8:40:09.105 AM","2025-09-29T00:00:00.0000000Z","Purchase Not Found (404): No business purchase was found."
"DVPAOV","Passenger Record 340","Record from 10/1/2025, 8:40:08.542 AM","2025-09-29T00:00:00.0000000Z","Purchase Not Found (404): No business purchase was found."
"WBLNUI","Passenger Record 341","Record from 10/1/2025, 8:17:06.811 AM","2025-09-29T00:00:00.0000000Z","Purchase Not Found (404): No business purchase was found."
"OKPPZL","Passenger Record 342","Record from 10/1/2025, 6:04:08.941 AM","2025-09-29T00:00:00.0000000Z","Purchase Not Found (404): No business purchase was found."
"CGHOUK","Passenger Record 343","Record from 10/1/2025, 6:38:05.825 AM","2025-09-29T00:00:00.0000000Z","Purchase Not Found (404): No business purchase was found."
"OBVUXE","Passenger Record 344","Record from 10/1/2025, 6:50:05.608 AM","2025-09-29T00:00:00.0000000Z","Purchase Not Found (404): No business purchase was found."
"OVHPAV","Passenger Record 345","Record from 10/1/2025, 4:56:04.117 AM","2025-09-29T00:00:00.0000000Z","Purchase Not Found (404): No business purchase was found."
"WLGXCO","Passenger Record 346","Record from 10/1/2025, 4:56:06.349 AM","2025-09-30T00:00:00.0000000Z","Purchase Not Found (404): No business purchase was found."
"OTYIQU","Passenger Record 347","Record from 10/1/2025, 7:55:03.492 AM","2025-09-30T00:00:00.0000000Z","Purchase Not Found (404): No business purchase was found."
"CGHOUK","Passenger Record 349","Record from 10/1/2025, 6:38:05.663 AM","2025-09-29T00:00:00.0000000Z","Purchase Not Found (404): No business purchase was found."
"NAJNNX","Passenger Record 350","Record from 10/1/2025, 5:34:04.937 AM","2025-09-29T00:00:00.0000000Z","Purchase Not Found (404): No business purchase was found."
"ICKUPJ","Passenger Record 353","Record from 10/1/2025, 4:42:09.495 AM","2025-09-30T00:00:00.0000000Z","Purchase Not Found (404): No business purchase was found."
"OBVUXE","Passenger Record 354","Record from 10/1/2025, 6:50:04.593 AM","2025-09-29T00:00:00.0000000Z","Purchase Not Found (404): No business purchase was found."
"OBVUXE","Passenger Record 355","Record from 10/1/2025, 6:50:05.103 AM","2025-09-29T00:00:00.0000000Z","Purchase Not Found (404): No business purchase was found."
"NAJNNX","Passenger Record 356","Record from 10/1/2025, 5:34:04.084 AM","2025-09-29T00:00:00.0000000Z","Purchase Not Found (404): No business purchase was found."
"NMWFAH","Passenger Record 357","Record from 10/1/2025, 4:33:06.837 AM","2025-09-30T00:00:00.0000000Z","Purchase Not Found (404): No business purchase was found."
"SZDDND","Passenger Record 358","Record from 10/1/2025, 4:49:04.447 AM","2025-09-25T00:00:00.0000000Z","Purchase Not Found (404): No business purchase was found."
"FDAPRQ","Passenger Record 359","Record from 10/1/2025, 4:55:09.548 AM","2025-09-26T00:00:00.0000000Z","Purchase Not Found (404): No business purchase was found."
"OVHPAV","Passenger Record 360","Record from 10/1/2025, 4:56:03.699 AM","2025-09-29T00:00:00.0000000Z","Purchase Not Found (404): No business purchase was found."
"ITDLRB","Passenger Record 361","Record from 10/1/2025, 6:47:06.087 AM","2025-09-29T00:00:00.0000000Z","Purchase Not Found (404): No business purchase was found."
"AWJYYU","Passenger Record 363","Record from 10/1/2025, 5:09:08.103 AM","2025-09-29T00:00:00.0000000Z","Purchase Not Found (404): No business purchase was found."
"NKONXP","Passenger Record 364","Record from 9/30/2025, 1:42:01.110 PM","2025-09-27T00:00:00.0000000Z","Purchase Not Found (404): No business purchase was found."
"DVPAOV","Passenger Record 365","Record from 9/30/2025, 8:09:04.939 AM","2025-09-29T00:00:00.0000000Z","Purchase Not Found (404): No business purchase was found."
"NZZAYI","Passenger Record 366","Record from 9/30/2025, 8:23:04.305 AM","2025-09-26T00:00:00.0000000Z","Purchase Not Found (404): No business purchase was found."
"SXATJF","Passenger Record 371","Record from 9/30/2025, 4:10:05.965 AM","2025-09-25T00:00:00.0000000Z","Purchase Not Found (404): No business purchase was found."
"NZDQUC","Passenger Record 372","Record from 9/30/2025, 6:26:11.737 AM","2025-09-29T00:00:00.0000000Z","Purchase Not Found (404): No business purchase was found."
"LTFTAI","Passenger Record 373","Record from 9/30/2025, 5:06:05.032 AM","2025-09-26T00:00:00.0000000Z","Purchase Not Found (404): No business purchase was found."
"FOIXRL","Passenger Record 374","Record from 9/30/2025, 4:58:03.205 AM","2025-09-29T00:00:00.0000000Z","Purchase Not Found (404): No business purchase was found."
"QIWRJT","Passenger Record 376","Record from 9/27/2025, 2:06:03.302 AM","2025-09-17T00:00:00.0000000Z","Purchase Not Found (404): No business purchase was found."
"QJHMJT","Passenger Record 377","Record from 9/27/2025, 2:06:05.287 AM","2025-09-17T00:00:00.0000000Z","Purchase Not Found (404): No business purchase was found."
"NORGCM","Passenger Record 379","Record from 9/27/2025, 3:03:20.399 AM","2025-09-23T00:00:00.0000000Z","Purchase Not Found (404): No business purchase was found."
"NORGCM","Passenger Record 380","Record from 9/27/2025, 3:03:19.926 AM","2025-09-23T00:00:00.0000000Z","Purchase Not Found (404): No business purchase was found."
"HQMKJT","Passenger Record 381","Record from 9/21/2025, 4:27:07.539 AM","2025-09-19T00:00:00.0000000Z","Purchase Not Found (404): No business purchase was found."