RecordLocator,RecordId,Name,Description,BookingDate,Reason,TicketNumber
JGVKEL,N/A,Passenger Record 1,"Record from 9/30/2025, 8:35:06.652 PM",2025-09-20T00:00:00.0000000Z,Non-AFB customer,0272117887760
HVEBBL,N/A,Passenger Record 5,"Record from 9/30/2025, 8:35:06.835 PM",2025-08-17T00:00:00.0000000Z,Non-AFB customer,0272114809181
JCDOZI,N/A,Passenger Record 6,"Record from 9/30/2025, 7:08:45.229 PM",2025-09-19T00:00:00.0000000Z,Non-AFB customer,0272117857012
LANXHD,N/A,Passenger Record 7,"Record from 9/30/2025, 7:09:02.313 PM",2025-09-26T00:00:00.0000000Z,Non-AFB customer,0272118480281
QZPNVA,N/A,Passenger Record 8,"Record from 9/30/2025, 9:16:37.104 PM",2025-07-09T00:00:00.0000000Z,Non-AFB customer,1732314385423
GCEFGI,N/A,Passenger Record 10,"Record from 9/30/2025, 7:37:09.625 PM",2025-07-29T00:00:00.0000000Z,Non-AFB customer,0272112911766
UFFOAA,N/A,Passenger Record 11,"Record from 9/30/2025, 10:26:10.137 PM",2025-06-09T00:00:00.0000000Z,Non-AFB customer,0272108059326
AETFAQ,N/A,Passenger Record 14,"Record from 9/30/2025, 10:17:52.132 PM",2025-08-29T00:00:00.0000000Z,Non-AFB customer,1732315250802
ENPVHF,N/A,Passenger Record 15,"Record from 10/1/2025, 6:41:14.591 PM",2025-07-07T00:00:00.0000000Z,Non-AFB customer,0272110735238
UHRKTX,N/A,Passenger Record 16,"Record from 10/1/2025, 12:03:24.523 AM",2025-08-31T00:00:00.0000000Z,Non-AFB customer,0272115975590
NMDWJP,N/A,Passenger Record 18,"Record from 10/1/2025, 7:15:34.133 AM",2025-09-30T00:00:00.0000000Z,Non-AFB customer,0272118872286
GIMPXF,N/A,Passenger Record 21,"Record from 10/1/2025, 12:03:56.428 AM",2025-09-08T00:00:00.0000000Z,Non-AFB customer,0277331313882
FCUCNW,N/A,Passenger Record 22,"Record from 10/1/2025, 6:40:04.985 PM",2025-07-25T00:00:00.0000000Z,Non-AFB customer,0272112561093
EXUARV,N/A,Passenger Record 24,"Record from 9/30/2025, 10:37:06.107 PM",2025-08-22T00:00:00.0000000Z,Non-AFB customer,1732315133447
SGCQZV,N/A,Passenger Record 25,"Record from 10/1/2025, 4:15:49.271 AM",2025-09-18T16:36:24.0000000Z,Non-AFB customer,0277333565165
GDASQB,N/A,Passenger Record 26,"Record from 10/1/2025, 6:11:01.329 PM",2025-07-07T14:15:52.0000000Z,Non-AFB customer,0272110723232
GFJFHZ,N/A,Passenger Record 27,"Record from 10/1/2025, 7:36:20.842 AM",2025-06-16T00:00:00.0000000Z,Non-AFB customer,1732313986784
EQXIII,N/A,Passenger Record 28,"Record from 10/1/2025, 7:46:09.675 AM",2025-08-27T00:00:00.0000000Z,Non-AFB customer,0272115701041
ORBAUI,N/A,Passenger Record 30,"Record from 9/30/2025, 5:26:32.616 PM",2025-08-21T00:00:00.0000000Z,Non-AFB customer,1732315119891
LYXVYT,N/A,Passenger Record 33,"Record from 9/30/2025, 5:26:54.664 PM",2025-08-05T00:00:00.0000000Z,Non-AFB customer,0272113602067
LHWYFN,N/A,Passenger Record 35,"Record from 10/1/2025, 6:35:20.008 PM",2025-07-16T16:31:27.0000000Z,Non-AFB customer,0272111645559
FELQZH,N/A,Passenger Record 37,"Record from 9/30/2025, 5:34:05.780 PM",2025-09-26T00:00:00.0000000Z,Non-AFB customer,0272118518819
CFVZDA,N/A,Passenger Record 39,"Record from 9/30/2025, 7:43:28.012 AM",2025-09-11T00:00:00.0000000Z,Non-AFB customer,0272117110073
FVYMNZ,N/A,Passenger Record 40,"Record from 9/30/2025, 4:31:05.702 PM",2025-09-16T00:00:00.0000000Z,Non-AFB customer,0272117525315
CVXUAS,N/A,Passenger Record 41,"Record from 9/30/2025, 2:38:13.222 PM",2025-08-01T00:00:00.0000000Z,Non-AFB customer,0272113240704
YCDOAU,N/A,Passenger Record 42,"Record from 9/30/2025, 4:42:46.304 PM",2025-08-27T00:00:00.0000000Z,Non-AFB customer,0277373963908
GUAYPE,N/A,Passenger Record 43,"Record from 9/30/2025, 4:43:26.656 PM",2025-08-26T00:00:00.0000000Z,Non-AFB customer,0272115575620
GKHAXB,N/A,Passenger Record 44,"Record from 9/30/2025, 4:42:46.533 PM",2025-08-19T00:00:00.0000000Z,Non-AFB customer,1732315085202
UYXXSB,N/A,Passenger Record 45,"Record from 9/22/2025, 8:35:53.362 PM",2025-07-20T00:00:00.0000000Z,Non-AFB customer,0272112051216
OGUNBH,N/A,Passenger Record 47,"Record from 9/23/2025, 7:13:22.645 AM",2025-08-13T00:00:00.0000000Z,Non-AFB customer,0272114432238
DHWBHE,N/A,Passenger Record 48,"Record from 9/23/2025, 1:30:36.390 AM",2025-09-21T15:36:13.0000000Z,Non-AFB customer,0272117965027
GFYZFP,N/A,Passenger Record 49,"Record from 9/30/2025, 2:58:12.363 PM",2025-08-04T00:00:00.0000000Z,Non-AFB customer,0277279292241
FUJKZN,N/A,Passenger Record 51,"Record from 9/30/2025, 9:13:07.696 AM",2025-08-12T00:00:00.0000000Z,Non-AFB customer,1737279324354
WYVJRK,N/A,Passenger Record 52,"Record from 9/30/2025, 7:20:36.901 AM",2025-09-25T00:00:00.0000000Z,Non-AFB customer,1737335897752
WUAFFK,N/A,Passenger Record 53,"Record from 9/30/2025, 5:50:19.332 AM",2025-09-14T00:00:00.0000000Z,Non-AFB customer,1732315500351
FWYPNV,N/A,Passenger Record 59,"Record from 9/30/2025, 4:16:18.145 AM",2025-09-20T23:37:35.0000000Z,Non-AFB customer,0272117929703
APSGHY,N/A,Passenger Record 60,"Record from 9/30/2025, 2:43:08.041 PM",2025-07-16T00:00:00.0000000Z,Non-AFB customer,0272111642440
IZPHDX,N/A,Passenger Record 65,"Record from 9/28/2025, 6:55:18.862 AM",2025-09-14T10:03:53.0000000Z,Non-AFB customer,0272117295320
DHDVSK,N/A,Passenger Record 67,"Record from 9/22/2025, 8:07:18.291 PM",2025-08-28T00:00:00.0000000Z,Non-AFB customer,0272115799073
UJTMEN,N/A,Passenger Record 68,"Record from 9/23/2025, 4:11:36.606 AM",2025-08-02T20:17:50.0000000Z,Non-AFB customer,0272113344776
ABVCVY,N/A,Passenger Record 69,"Record from 9/20/2025, 7:02:03.461 PM",2025-06-17T00:00:00.0000000Z,Non-AFB customer,0272108850515
GMRQTG,N/A,Passenger Record 70,"Record from 9/20/2025, 5:33:34.385 PM",2025-07-26T00:00:00.0000000Z,Non-AFB customer,0272112619116
UPBGWH,N/A,Passenger Record 71,"Record from 9/21/2025, 2:04:56.915 AM",2025-09-20T00:00:00.0000000Z,Non-AFB customer,0272117894877
GMWUUN,N/A,Passenger Record 72,"Record from 9/22/2025, 4:34:53.026 AM",2025-06-12T14:22:45.0000000Z,Non-AFB customer,0272108401932
HAVKJZ,N/A,Passenger Record 73,"Record from 9/21/2025, 6:22:01.448 PM",2025-09-10T00:00:00.0000000Z,Non-AFB customer,0272116962010
JMJJQB,N/A,Passenger Record 74,"Record from 9/25/2025, 4:11:27.718 AM",2025-07-11T16:44:03.0000000Z,Non-AFB customer,0272111167679
FMCORD,N/A,Passenger Record 75,"Record from 9/24/2025, 7:37:01.956 AM",2025-09-14T00:00:00.0000000Z,Non-AFB customer,0272117287601
FSBPYX,N/A,Passenger Record 76,"Record from 9/25/2025, 4:23:19.928 AM",2025-09-22T12:52:27.0000000Z,Non-AFB customer,0272118034672
ITTSHC,N/A,Passenger Record 80,"Record from 9/17/2025, 2:16:12.390 AM",2025-04-20T00:00:00.0000000Z,Non-AFB customer,0272103147948
UCJAKC,N/A,Passenger Record 81,"Record from 9/18/2025, 4:20:52.650 AM",2025-07-12T15:08:24.0000000Z,Non-AFB customer,0272111238011
MWQSTX,N/A,Passenger Record 82,"Record from 9/29/2025, 6:17:49.183 AM",2025-09-19T00:00:00.0000000Z,Non-AFB customer,0272117858960
NEUQUV,N/A,Passenger Record 84,"Record from 9/30/2025, 8:04:02.800 AM",2025-05-11T00:00:00.0000000Z,Non-AFB customer,0272105205269
WRMGDP,N/A,Passenger Record 89,"Record from 9/30/2025, 4:44:19.531 AM",2025-06-22T00:00:00.0000000Z,Non-AFB customer,1732314089397
JLNDWH,N/A,Passenger Record 92,"Record from 9/29/2025, 4:52:50.777 AM",2025-09-26T00:00:00.0000000Z,Non-AFB customer,0272118499495
DUEEJU,N/A,Passenger Record 99,"Record from 9/21/2025, 7:59:27.540 PM",2025-09-03T00:00:00.0000000Z,Non-AFB customer,0272116232155
STNWVA,N/A,Passenger Record 119,"Record from 10/1/2025, 5:59:27.224 PM",2025-03-17T11:38:45.0000000Z,Non-AFB customer,1252205725323
GDASQB,N/A,Passenger Record 120,"Record from 10/1/2025, 5:35:17.058 PM",2025-07-07T00:00:00.0000000Z,Non-AFB customer,0272110723232
UAXIDF,N/A,Passenger Record 121,"Record from 10/1/2025, 6:41:17.400 PM",2025-08-28T00:00:00.0000000Z,Non-AFB customer,0277328698534
AWTZGV,N/A,Passenger Record 122,"Record from 10/1/2025, 6:39:29.787 PM",2025-09-23T00:00:00.0000000Z,Non-AFB customer,0272118143865
OWQOGQ,N/A,Passenger Record 123,"Record from 10/1/2025, 6:41:29.169 PM",2025-09-28T00:00:00.0000000Z,Non-AFB customer,0272118623180
OJYVNU,N/A,Passenger Record 124,"Record from 9/25/2025, 7:36:03.413 AM",2025-08-29T00:00:00.0000000Z,Non-AFB customer,0272115829421
MPXJAB,N/A,Passenger Record 128,"Record from 9/25/2025, 1:00:39.104 AM",2025-09-15T00:00:00.0000000Z,Non-AFB customer,0277333290082
GEAJVE,N/A,Passenger Record 129,"Record from 9/22/2025, 12:34:33.454 AM",2025-04-14T00:00:00.0000000Z,Non-AFB customer,0272102566903
NVOEXZ,N/A,Passenger Record 131,"Record from 9/23/2025, 4:27:53.305 AM",2025-08-18T14:23:11.0000000Z,Non-AFB customer,1732315055722
QHFNZP,N/A,Passenger Record 132,"Record from 9/22/2025, 12:22:09.753 AM",2025-07-22T00:00:00.0000000Z,Non-AFB customer,0272112220958
NOYFHG,N/A,Passenger Record 133,"Record from 9/22/2025, 4:03:05.524 AM",2025-08-04T00:00:00.0000000Z,Non-AFB customer,0272113443762
JUPVIR,N/A,Passenger Record 135,"Record from 9/24/2025, 9:53:01.481 PM",2025-09-02T00:00:00.0000000Z,Non-AFB customer,0272116200200
FVGYYD,N/A,Passenger Record 136,"Record from 9/24/2025, 9:52:59.158 PM",2025-09-24T00:00:00.0000000Z,Non-AFB customer,0272118247942
IJIXNR,N/A,Passenger Record 137,"Record from 9/24/2025, 9:22:58.800 PM",2025-09-14T00:00:00.0000000Z,Non-AFB customer,0272117295775
IOYZCR,N/A,Passenger Record 138,"Record from 9/30/2025, 9:29:15.989 PM",2025-04-30T00:00:00.0000000Z,Non-AFB customer,0272104130022
AUOBMK,N/A,Passenger Record 139,"Record from 9/29/2025, 7:53:47.640 PM",2025-09-17T00:00:00.0000000Z,Non-AFB customer,0272117642552
KQDFXS,N/A,Passenger Record 143,"Record from 9/30/2025, 1:18:14.509 AM",2025-06-04T00:00:00.0000000Z,Non-AFB customer,0272107567271
JPQERV,N/A,Passenger Record 145,"Record from 9/21/2025, 4:19:47.431 AM",2025-09-08T11:42:53.0000000Z,Non-AFB customer,0272116721751
KARYEV,N/A,Passenger Record 146,"Record from 9/20/2025, 4:26:15.664 AM",2025-09-10T23:39:13.0000000Z,Non-AFB customer,0272117025046
ARGKXR,N/A,Passenger Record 147,"Record from 10/1/2025, 2:50:01.932 AM",2025-07-02T00:00:00.0000000Z,Non-AFB customer,0272110353060
EZKOKP,N/A,Passenger Record 148,"Record from 10/1/2025, 3:50:27.732 AM",2025-08-23T00:00:00.0000000Z,Non-AFB customer,0272115306277
QGIYBK,N/A,Passenger Record 151,"Record from 10/1/2025, 4:16:47.363 AM",2025-09-25T00:00:00.0000000Z,Non-AFB customer,0272118422927
WPDTFN,N/A,Passenger Record 157,"Record from 10/1/2025, 2:55:20.172 AM",2025-07-11T09:47:08.0000000Z,Non-AFB customer,0272111126400
HIFARW,N/A,Passenger Record 159,"Record from 10/1/2025, 3:25:48.564 AM",2025-08-23T00:00:00.0000000Z,Non-AFB customer,0272115298943
QSDCID,N/A,Passenger Record 162,"Record from 9/25/2025, 4:29:54.277 AM",2025-09-19T23:12:33.0000000Z,Non-AFB customer,0272117860764
JINLFB,N/A,Passenger Record 166,"Record from 9/29/2025, 11:43:14.005 PM",2025-05-02T00:00:00.0000000Z,Non-AFB customer,1732313176442
CJSHTG,N/A,Passenger Record 167,"Record from 9/29/2025, 4:58:24.687 PM",2025-09-20T00:00:00.0000000Z,Non-AFB customer,0272117867831
QLOGBR,N/A,Passenger Record 176,"Record from 9/30/2025, 5:45:30.376 PM",2025-05-21T00:00:00.0000000Z,Non-AFB customer,1732313450760
OEBTNI,N/A,Passenger Record 179,"Record from 9/29/2025, 7:05:44.048 PM",2025-09-11T00:00:00.0000000Z,Non-AFB customer,0272117076207
EWRJRT,N/A,Passenger Record 180,"Record from 9/29/2025, 5:55:39.551 PM",2025-09-26T00:00:00.0000000Z,Non-AFB customer,0272118462765
HZSAXZ,N/A,Passenger Record 181,"Record from 9/29/2025, 5:57:43.177 PM",2025-06-25T00:00:00.0000000Z,Non-AFB customer,0272109594699
LGFOSY,N/A,Passenger Record 182,"Record from 9/29/2025, 7:16:35.674 PM",2025-09-18T00:00:00.0000000Z,Non-AFB customer,0272117769601
ICWMNT,N/A,Passenger Record 183,"Record from 9/17/2025, 11:01:19.105 PM",2025-09-07T00:00:00.0000000Z,Non-AFB customer,0272116626610
ESOQLG,N/A,Passenger Record 184,"Record from 9/18/2025, 2:18:43.343 AM",2025-06-26T00:00:00.0000000Z,Non-AFB customer,0272109673801
UCCKEQ,N/A,Passenger Record 185,"Record from 9/18/2025, 1:13:10.887 AM",2025-08-25T00:00:00.0000000Z,Non-AFB customer,0272115476397
EADUTI,N/A,Passenger Record 186,"Record from 9/18/2025, 4:20:02.119 PM",2025-09-17T00:00:00.0000000Z,Non-AFB customer,0272117671823
YESKNJ,N/A,Passenger Record 187,"Record from 9/18/2025, 3:58:04.521 PM",2025-09-07T00:00:00.0000000Z,Non-AFB customer,0272116628044
ONPCAD,N/A,Passenger Record 188,"Record from 9/18/2025, 5:59:02.043 PM",2025-09-18T00:00:00.0000000Z,Non-AFB customer,0272117701499
CTRUXE,N/A,Passenger Record 189,"Record from 9/20/2025, 4:23:31.551 AM",2025-08-21T22:39:10.0000000Z,Non-AFB customer,0272115213230
WXFWRL,N/A,Passenger Record 193,"Record from 9/24/2025, 8:07:16.230 AM",2025-07-05T00:00:00.0000000Z,Non-AFB customer,0272110596245
GHJQRX,N/A,Passenger Record 198,"Record from 9/18/2025, 10:01:39.530 PM",2025-09-15T00:00:00.0000000Z,Non-AFB customer,0277238199135
FLMWRK,N/A,Passenger Record 199,"Record from 9/17/2025, 10:01:43.147 PM",2025-08-26T00:00:00.0000000Z,Non-AFB customer,0272115540902
EAJTGH,N/A,Passenger Record 200,"Record from 9/30/2025, 9:05:24.683 PM",2025-08-07T00:00:00.0000000Z,Non-AFB customer,0272113875451
AWTZGV,N/A,Passenger Record 216,"Record from 9/30/2025, 4:52:56.972 PM",2025-09-23T13:39:52.0000000Z,Non-AFB customer,0272118143865
DODFOV,N/A,Passenger Record 218,"Record from 9/30/2025, 1:55:06.892 PM",2025-09-29T00:00:00.0000000Z,Non-AFB customer,0272118701228
EOGKGM,N/A,Passenger Record 219,"Record from 9/30/2025, 1:59:30.008 PM",2025-08-13T00:00:00.0000000Z,Non-AFB customer,0272114362609
DZJCFQ,N/A,Passenger Record 220,"Record from 9/30/2025, 4:30:44.907 PM",2025-08-17T00:00:00.0000000Z,Non-AFB customer,0272114756812
IRPAVA,N/A,Passenger Record 225,"Record from 9/30/2025, 4:25:08.259 PM",2025-09-29T00:00:00.0000000Z,Non-AFB customer,0272118753894
UMONIL,N/A,Passenger Record 232,"Record from 9/21/2025, 7:12:07.348 AM",2025-06-11T00:00:00.0000000Z,Non-AFB customer,0272108257027
YMQSXV,N/A,Passenger Record 233,"Record from 9/27/2025, 5:23:45.074 AM",2025-09-26T00:00:00.0000000Z,Non-AFB customer,0272118516070
SWXGKG,N/A,Passenger Record 239,"Record from 9/19/2025, 5:22:08.817 PM",2025-09-13T00:00:00.0000000Z,Non-AFB customer,0272117265056
QJHATL,N/A,Passenger Record 245,"Record from 10/1/2025, 2:34:08.748 AM",2025-09-25T00:00:00.0000000Z,Non-AFB customer,0272118362036
CKEHWD,N/A,Passenger Record 252,"Record from 10/1/2025, 12:10:06.858 AM",2025-09-18T00:00:00.0000000Z,Non-AFB customer,0272117757798
QBHIEC,N/A,Passenger Record 256,"Record from 10/1/2025, 12:33:04.997 AM",2025-09-02T00:00:00.0000000Z,Non-AFB customer,0272116158730
FNKCZC,N/A,Passenger Record 257,"Record from 9/19/2025, 1:51:01.646 PM",2025-09-04T00:00:00.0000000Z,Non-AFB customer,0272116356725
DEMBYL,N/A,Passenger Record 258,"Record from 9/23/2025, 2:45:40.325 AM",2025-09-16T00:00:00.0000000Z,Non-AFB customer,0272117550250
YNPDGZ,N/A,Passenger Record 259,"Record from 9/23/2025, 2:40:21.475 AM",2025-06-26T00:00:00.0000000Z,Non-AFB customer,0272109715392
QNZCYN,N/A,Passenger Record 260,"Record from 9/23/2025, 6:55:20.905 AM",2025-09-11T00:00:00.0000000Z,Non-AFB customer,0272117068807
NXYCZX,N/A,Passenger Record 269,"Record from 10/1/2025, 4:08:20.811 PM",2025-09-26T00:00:00.0000000Z,Non-AFB customer,0272118497740
AHBGFC,N/A,Passenger Record 270,"Record from 10/1/2025, 6:28:57.108 PM",2025-09-30T00:00:00.0000000Z,Non-AFB customer,0277337208295
MMASBS,N/A,Passenger Record 275,"Record from 10/1/2025, 3:10:28.010 PM",2025-08-21T00:00:00.0000000Z,Non-AFB customer,0272115162195
FCVDGS,N/A,Passenger Record 278,"Record from 9/29/2025, 4:39:21.668 PM",2025-08-19T00:00:00.0000000Z,Non-AFB customer,0272114938389
HNSFWM,N/A,Passenger Record 280,"Record from 9/20/2025, 4:19:47.789 AM",2025-08-03T00:00:00.0000000Z,Non-AFB customer,0272113387092
LTBYGY,N/A,Passenger Record 281,"Record from 9/20/2025, 4:56:46.909 AM",2025-09-18T00:00:00.0000000Z,Non-AFB customer,0272117694686
FMFGJH,N/A,Passenger Record 282,"Record from 9/20/2025, 8:50:52.517 PM",2025-08-17T00:00:00.0000000Z,Non-AFB customer,0272114779342
FCYTUB,N/A,Passenger Record 283,"Record from 9/18/2025, 9:28:17.780 PM",2025-07-25T00:00:00.0000000Z,Non-AFB customer,0277302011685
DYVBVC,N/A,Passenger Record 284,"Record from 9/19/2025, 1:01:38.546 AM",2025-08-07T00:00:00.0000000Z,Non-AFB customer,0272113897100
LGFUZM,N/A,Passenger Record 288,"Record from 9/30/2025, 1:03:34.295 AM",2025-09-12T00:00:00.0000000Z,Non-AFB customer,0272117185288
LTQMAH,N/A,Passenger Record 290,"Record from 9/30/2025, 2:33:15.077 AM",2025-09-03T00:00:00.0000000Z,Non-AFB customer,0272116307014
KNTPDU,N/A,Passenger Record 292,"Record from 9/30/2025, 3:47:53.621 AM",2025-09-26T00:00:00.0000000Z,Non-AFB customer,0272118488655
AMWEIM,N/A,Passenger Record 295,"Record from 9/30/2025, 2:47:09.248 AM",2025-09-07T00:00:00.0000000Z,Non-AFB customer,0272116668105
EGOSOU,N/A,Passenger Record 298,"Record from 9/30/2025, 2:53:35.347 AM",2025-06-10T00:00:00.0000000Z,Non-AFB customer,0272108199613
IYHQLU,N/A,Passenger Record 299,"Record from 9/30/2025, 2:54:06.968 AM",2025-03-29T00:00:00.0000000Z,Non-AFB customer,0273509943069
QHZLXP,N/A,Passenger Record 300,"Record from 9/30/2025, 4:51:21.918 AM",2025-08-06T00:00:00.0000000Z,Non-AFB customer,0272113738301
DNIKUD,N/A,Passenger Record 301,"Record from 9/30/2025, 1:23:20.158 AM",2025-09-25T00:00:00.0000000Z,Non-AFB customer,0272118410199
YEHOJF,N/A,Passenger Record 302,"Record from 9/30/2025, 4:55:05.161 AM",2025-08-31T00:00:00.0000000Z,Non-AFB customer,0272115989178
OLCPJL,N/A,Passenger Record 304,"Record from 9/30/2025, 4:53:07.840 AM",2025-08-26T00:00:00.0000000Z,Non-AFB customer,0272115553430
WYPAWW,N/A,Passenger Record 309,"Record from 9/23/2025, 4:25:07.266 AM",2025-09-03T15:49:34.0000000Z,Non-AFB customer,0277310767238
JYLDIC,N/A,Passenger Record 311,"Record from 9/24/2025, 12:52:39.393 AM",2025-09-03T00:00:00.0000000Z,Non-AFB customer,0272116215088
LHCEEL,N/A,Passenger Record 316,"Record from 9/19/2025, 6:28:49.240 PM",2025-08-29T00:00:00.0000000Z,Non-AFB customer,0272115879555
GHCSJE,N/A,Passenger Record 317,"Record from 9/17/2025, 5:49:54.425 PM",2025-09-10T00:00:00.0000000Z,Non-AFB customer,0272117025320
EQXKRH,N/A,Passenger Record 318,"Record from 9/18/2025, 6:54:36.802 PM",2025-09-03T00:00:00.0000000Z,Non-AFB customer,0272116244761
GAWPNZ,N/A,Passenger Record 327,"Record from 9/16/2025, 9:12:39.037 PM",2025-08-19T00:00:00.0000000Z,Non-AFB customer,0272114967412
JPBKQG,N/A,Passenger Record 328,"Record from 9/29/2025, 10:29:31.804 PM",2025-09-05T00:00:00.0000000Z,Non-AFB customer,0277330575720
QLUUFE,N/A,Passenger Record 333,"Record from 9/29/2025, 10:53:34.354 PM",2025-09-24T00:00:00.0000000Z,Non-AFB customer,0272118233260
IUQOLV,N/A,Passenger Record 334,"Record from 9/29/2025, 10:54:39.129 PM",2025-09-23T00:00:00.0000000Z,Non-AFB customer,0277331630042
KRSLYT,N/A,Passenger Record 335,"Record from 9/29/2025, 11:05:04.762 PM",2025-09-24T00:00:00.0000000Z,Non-AFB customer,0277335406651
MVFDHI,N/A,Passenger Record 362,"Record from 10/1/2025, 5:23:18.637 AM",2025-07-09T12:33:44.0000000Z,Non-AFB customer,0272110922866
IUEAWX,N/A,Passenger Record 367,"Record from 9/30/2025, 6:04:29.995 AM",2025-08-07T00:00:00.0000000Z,Non-AFB customer,0272113859850
LVMZUQ,N/A,Passenger Record 369,"Record from 9/30/2025, 6:48:15.634 AM",2025-09-26T00:00:00.0000000Z,Non-AFB customer,0272118511982
OZQHJC,N/A,Passenger Record 370,"Record from 9/30/2025, 4:23:01.527 AM",2025-09-18T00:00:00.0000000Z,Non-AFB customer,0272117770831
FMUSPH,N/A,Passenger Record 375,"Record from 9/30/2025, 5:10:01.071 AM",2025-09-18T00:00:00.0000000Z,Non-AFB customer,0272117746752
MBICWI,N/A,Passenger Record 378,"Record from 9/27/2025, 2:52:50.207 AM",2025-09-24T00:00:00.0000000Z,Non-AFB customer,0272118298039
SHXZFQ,N/A,Passenger Record 382,"Record from 9/19/2025, 11:16:21.999 PM",2025-07-23T00:00:00.0000000Z,Non-AFB customer,0272112342696
MLDZXS,N/A,Passenger Record 383,"Record from 9/20/2025, 12:17:55.093 AM",2025-08-30T00:00:00.0000000Z,Non-AFB customer,0272115953280